url,title,posted_date,days_since_update
https://jobs.lever.co/arsiem/c242b61f-8466-4478-8e8e-2164fdd29127,ARSIEM - Skillbridge Internship,,
https://jobs.lever.co/wahed.com/a1149827-11ed-4c93-939b-f08905067640,Wahed - Join Our Internship Program,,
https://jobs.lever.co/palantir/e27af7ab-41fc-40c9-b31d-02c6cb1c505c,"Palantir Technologies - Software Engineer, Internship",,
https://jobs.lever.co/venusaero/a3db4343-5e3c-4847-bcb1-16e11d1593ad,Venus Aerospace - Summer 2026 Internship,,
https://jobs.lever.co/allegiantair/159d5362-0c12-4680-8247-28a5beb1af6a,"Allegiant - Intern, Financial Analyst (Summer 2026)",,
https://jobs.lever.co/elfbeauty/7f1707ef-dd54-4b0a-9730-4335e205651b,"e.l.f. Beauty - Intern, Influencer Partnerships",,
https://jobs.lever.co/InfrastructureandCapitalProjects/aeb489e2-f80c-42e5-a88f-cc15bde47a66/apply,"Accenture Infrastructure & Capital Projects, LLC - Infrastructure & Capital Projects - Intern, ANS",,
https://jobs.lever.co/immuta,Immuta,,
https://jobs.lever.co/palantir/b229baac-494b-4a0d-9a13-2e38806e06f3,"Palantir Technologies - Software Engineer, Internship - Infrastructure",,
https://jobs.lever.co/hush/6ca815d9-3477-4f62-82ab-6d2831b1bf0f,HUSH - Intern: Design,,
https://jobs.ashbyhq.com/joinbetter/5eaddfc3-3934-4277-8832-be130e570c2e,Data Engineering and Analytics Intern (Summer and Year-round) @ Better Health,,
https://jobs.ashbyhq.com/cohere/1bc2c535-2f42-454e-aebe-9c018575ce7b,Software Engineer Intern (Winter 2026) @ Cohere,,
https://jobs.ashbyhq.com/ramp/1f75a275-2bcf-4cb2-a121-eef0a453475f,Summer 2026 | AI Operations Internship @ Ramp,,
https://jobs.ashbyhq.com/ramp/8c155b55-3e7e-48a8-ac98-f988a2b6f4da,Software Engineer Internship | iOS @ Ramp,,
https://jobs.ashbyhq.com/decagon/aa9c9d2a-aba9-429e-bf91-8303247fbcd6,Agent Software Engineer - Intern (Summer 2026) @ Decagon,,
https://jobs.ashbyhq.com/lambda/264f889c-38f4-42a5-9534-064a9512a3fe,2026 Machine Learning Research Intern @ Lambda,,
https://jobs.ashbyhq.com/netic/1242d448-bce2-4328-81ac-4b1080460b00,"Software Engineer, Intern @ Netic",,
https://jobs.ashbyhq.com/notion/23ac2477-0008-4bed-b1c1-81f90a32e9e6,Software Engineer Intern (Summer 2026) @ Notion,,
https://jobs.ashbyhq.com/Ridealso/3451e5c5-342c-4b7c-855c-df8e3ac94065,"Software Engineering Intern, Firmware - Summer 2026 @ ALSO",,
https://jobs.ashbyhq.com/fizz/c33b0bb7-d87f-4666-8622-36604fe10b20,Software Engineering Intern (Summer 2026) @ Fizz,,
